"URL","Word Count","Title","Meta Description","h1","h2","h3","h4","h5","h6"
"https://www.avathi.com/activities/riverside-stays-near-bangalore/266",4614,"Riverside Stays near Bangalore, India | Riverside Stays in Bangalore near me | Avathi Riverside Stays near Bangalore, India","Riverside Stays in Bangalore Near Me - Avathi curates the best options for Riverside Stays in Bangalore, India. Know more about prices, timings, places, for Riverside Stays in Bangalore, India. Contact Now!","Riverside Stays near Bangalore","Experiences at Bangalore, Mysore, Chikmagalur, Coorg, Hampi, Kabini | The best riverside stays near Bangalore | You may also be interested in | Destinations Around Bangalore, Mysore, Chikmagalur, Coorg, Hampi, Kabini | Stories that you should not miss | Discover Activities | Discover Destinations","Instant Book Kabini River Lodge - Jungle Lodges & Resorts | Your Trusted Booking Platform | Instant Book River Tern Lodge - Bhadra, Jungle Lodges and Resorts | Your Trusted Booking Platform | Instant Book Bheemeshwari Adventure and Nature Camp - Jungle Lodges & Resorts | Your Trusted Booking Platform | Evolve Back, Kabini | Instant Book Galibore Nature Camp - Jungle Lodges & Resorts | Your Trusted Booking Platform | Instant Book Gopinatham Mystery Trails - Jungle Lodges & Resorts | Your Trusted Booking Platform | Kadkani River Resort | Hampi's Boulders Resort | Red Earth, Kabini | Day Outing at Galibore Nature Camp - Jungle Lodges & Resorts | Your Trusted Booking Platform | Riverside Stay at Riverside Inn | Swiss Tent- Nature Stay at Coorg | Stay at an A-Frame Cottage in Coorg | The Bison, Kabini | Elegant Hillside Cottages in Coorg | Estate Stays in Coorg | Instant Book Kabini River Lodge - Jungle Lodges & Resorts | Your Trusted Booking Platform | Instant Book River Tern Lodge - Bhadra, Jungle Lodges and Resorts | Your Trusted Booking Platform | Instant Book Bheemeshwari Adventure and Nature Camp - Jungle Lodges & Resorts | Your Trusted Booking Platform | Evolve Back, Kabini | Instant Book Galibore Nature Camp - Jungle Lodges & Resorts | Your Trusted Booking Platform | Instant Book Gopinatham Mystery Trails - Jungle Lodges & Resorts | Your Trusted Booking Platform | Kadkani River Resort | Hampi's Boulders Resort | Red Earth, Kabini | Day Outing at Galibore Nature Camp - Jungle Lodges & Resorts | Your Trusted Booking Platform | Riverside Stay at Riverside Inn | Swiss Tent- Nature Stay at Coorg | Stay at an A-Frame Cottage in Coorg | The Bison, Kabini | Elegant Hillside Cottages in Coorg | Estate Stays in Coorg | Scuba Diving | Wildlife Safari | Jungle Stays | Luxury Stays | Farmstays | Villas | Pool Stays | Resorts | Homestays | Day Outing | Sightseeing | Culture and Heritage | Glamping | Cabin Stays | Treehouses | Beachfront | Staycations | Luxury Travel | Snorkeling | Kayaking | Surfing | Camping | Trekking / Hiking | Boat Ride | Tiny Homes | A-Frames | Heritage Homes | Biking/Cycling | Rock Climbing | Photography | Avathi Outdoors curates the best local outdoor experiences around you. Whether you like adventure, a silent walk in nature or watching wildlife, we have the most authentic experiences for you.","Not present","Not present","Not present"
"https://www.avathi.com/activities/riverside-stays-in-karnataka/267",5675,"Riverside Stays in Karnataka, India | Riverside Stays in Karnataka near me | Avathi Riverside Stays in Karnataka, India","Riverside Stays in Karnataka Near Me - Avathi curates the best options for Riverside Stays in Karnataka, India. Know more about prices, timings, places, and engage with the top community for Riverside Stays in Karnataka, India. Contact Now!","Riverside Stays in Karnataka","Experiences at Bangalore | The best riverside stays in Karnataka | You may also be interested in | Explore Other Activities In Bangalore | Destinations Around Bangalore | Stories that you should not miss | Discover Activities | Discover Destinations","Lavish Tent Stays at the Wilderness Jungle Camp | Instant Book Bheemeshwari Adventure and Nature Camp - Jungle Lodges & Resorts | Your Trusted Booking Platform | Instant Book Galibore Nature Camp - Jungle Lodges & Resorts | Your Trusted Booking Platform | Instant Book Kali Adventure Camp, Dandeli - Jungle Lodges & Resorts | Your Trusted Booking Platform | Rustic Stay at Our Native Village | Baevu, The Village | Le Roma Gardenia Presents- The Euphoria Villa | 1N/2D at a Traditional Mud Hut in Bangalore | Le Roma Gardenia Presents- The Boho Villa | Luxurious Vegetarian Resort near Bangalore Airport | 1N/2D at a Luxurious Wellness Farm Stay | A Traditional Organic Farm Stay Near Bangalore | Experience Farm Stay at a Pet-Friendly Farm near Bangalore | 1N/2D at a Hill View Luxury Pool Villa | 1N/2D at the Greenview Estate | 1N/2D at the Elfin Manor | Lavish Tent Stays at the Wilderness Jungle Camp | Instant Book Bheemeshwari Adventure and Nature Camp - Jungle Lodges & Resorts | Your Trusted Booking Platform | Instant Book Galibore Nature Camp - Jungle Lodges & Resorts | Your Trusted Booking Platform | Instant Book Kali Adventure Camp, Dandeli - Jungle Lodges & Resorts | Your Trusted Booking Platform | Rustic Stay at Our Native Village | Baevu, The Village | Le Roma Gardenia Presents- The Euphoria Villa | 1N/2D at a Traditional Mud Hut in Bangalore | Le Roma Gardenia Presents- The Boho Villa | Luxurious Vegetarian Resort near Bangalore Airport | 1N/2D at a Luxurious Wellness Farm Stay | A Traditional Organic Farm Stay Near Bangalore | Experience Farm Stay at a Pet-Friendly Farm near Bangalore | 1N/2D at a Hill View Luxury Pool Villa | 1N/2D at the Greenview Estate | 1N/2D at the Elfin Manor | Scuba Diving | Wildlife Safari | Jungle Stays | Luxury Stays | Farmstays | Villas | Pool Stays | Resorts | Homestays | Day Outing | Sightseeing | Culture and Heritage | Glamping | Cabin Stays | Treehouses | Beachfront | Staycations | Luxury Travel | Snorkeling | Kayaking | Surfing | Camping | Trekking / Hiking | Boat Ride | Tiny Homes | A-Frames | Heritage Homes | Biking/Cycling | Rock Climbing | Photography | Avathi Outdoors curates the best local outdoor experiences around you. Whether you like adventure, a silent walk in nature or watching wildlife, we have the most authentic experiences for you.","Not present","Not present","Not present"
"https://www.avathi.com/activities/team-outing-resorts-in-bangalore/268",5273,"Best Resorts for Team Outings in Bangalore","Discover the best resorts for team outing around Bangalore. Get the best resorts and activities to experience during your corporate day outing or offsites near Bangalore","Resorts for Team Outings in Bangalore","Experiences at Bangalore | Explore these fun activities to bring your team day outing alive at these resorts | You may also be interested in | Explore Other Activities In Bangalore | Day Outing Destinations Around Bangalore | Stories that you should not miss | Discover Activities | Discover Destinations","Day Outing at the Bheemeshwari Adventure and Nature Camp - Jungle Lodges & Resorts | Your Trusted Booking Platform | Nature adventure Camp, near Kanakapura | Rustic Stay at Our Native Village | Secret Valley Resort | Nature Adventure Camp | Plan your dream vacation at a resort near Bengaluru | Spend the Weekend at an Amusement Park near Bangalore! | Perfect weekend getaway at an eco-friendly resort in Bangalore | Perfect Oasis for Large Bookings and Corporate Teams | Rustic Wellness Retreat Near Bangalore Airport | Day Out at an Adventure Resort near Bangalore! | Adventure and nature resort near Nandi hills, Bangalore | Day Outing at the Bheemeshwari Adventure and Nature Camp - Jungle Lodges & Resorts | Your Trusted Booking Platform | Nature adventure Camp, near Kanakapura | Rustic Stay at Our Native Village | Secret Valley Resort | Nature Adventure Camp | Plan your dream vacation at a resort near Bengaluru | Spend the Weekend at an Amusement Park near Bangalore! | Perfect weekend getaway at an eco-friendly resort in Bangalore | Perfect Oasis for Large Bookings and Corporate Teams | Rustic Wellness Retreat Near Bangalore Airport | Day Out at an Adventure Resort near Bangalore! | Adventure and nature resort near Nandi hills, Bangalore | Scuba Diving | Wildlife Safari | Jungle Stays | Luxury Stays | Farmstays | Villas | Pool Stays | Resorts | Homestays | Day Outing | Sightseeing | Culture and Heritage | Glamping | Cabin Stays | Treehouses | Beachfront | Staycations | Luxury Travel | Snorkeling | Kayaking | Surfing | Camping | Trekking / Hiking | Boat Ride | Tiny Homes | A-Frames | Heritage Homes | Biking/Cycling | Rock Climbing | Photography | Avathi Outdoors curates the best local outdoor experiences around you. Whether you like adventure, a silent walk in nature or watching wildlife, we have the most authentic experiences for you.","Not present","Not present","Not present"
"https://www.avathi.com/activities/jungle-lodges-and-resorts-near-mysore/258",4978,"Jungle Resorts & Lodges near Mysore, India | Jungle Resorts & Lodges in Mysore near me | Avathi Jungle Resorts & Lodges near Mysore, India","Jungle Resorts & Lodges Near Me - Avathi is one of the best providers offering Jungle Resorts & Lodges near Mysore, India. Discover Jungle Resorts & Lodges near Mysore and engage with the largest community for Jungle Resorts & Lodges near Bangalore, India. Contact Now!","Jungle Lodges and Resorts near Mysore","Experiences at Mysore | Best Jungle, Lodges and Resorts near Mysore | You may also be interested in | Wildlife Safari Destinations Around Mysore | Stories that you should not miss | Discover Activities | Discover Destinations","Instant Book Kabini River Lodge - Jungle Lodges & Resorts | Your Trusted Booking Platform | Instant Book K Gudi Wilderness Camp - BR Hills | Jungle Lodges & Resorts B.R. Hills | B.R.T Wildlife Sanctuary | Instant Book Bandipur Safari Lodge - Jungle Lodges & Resorts | Your Trusted Booking Platform | Instant Book Dubare Elephant Camp - Jungle Lodges & Resorts | Your Trusted Booking Platform | Instant Book Galibore Nature Camp - Jungle Lodges & Resorts | Your Trusted Booking Platform | Instant Book Sharavathi Adventure Camp, Jog Jungle Lodges & Resorts | Your Trusted Booking Platform | Instant Book Gopinatham Mystery Trails - Jungle Lodges & Resorts | Your Trusted Booking Platform | The Wilderness Resort - Mudumalai | Instant Book The Lalitha Mahal Palace Hotel - Jungle Lodges & Resorts | Your Trusted Booking Platform | Mysore Tour Packages | Regenta, Jungle Resort Kabini Springs | Instant Book Kabini River Lodge - Jungle Lodges & Resorts | Your Trusted Booking Platform | Instant Book K Gudi Wilderness Camp - BR Hills | Jungle Lodges & Resorts B.R. Hills | B.R.T Wildlife Sanctuary | Instant Book Bandipur Safari Lodge - Jungle Lodges & Resorts | Your Trusted Booking Platform | Instant Book Dubare Elephant Camp - Jungle Lodges & Resorts | Your Trusted Booking Platform | Instant Book Galibore Nature Camp - Jungle Lodges & Resorts | Your Trusted Booking Platform | Instant Book Sharavathi Adventure Camp, Jog Jungle Lodges & Resorts | Your Trusted Booking Platform | Instant Book Gopinatham Mystery Trails - Jungle Lodges & Resorts | Your Trusted Booking Platform | The Wilderness Resort - Mudumalai | Instant Book The Lalitha Mahal Palace Hotel - Jungle Lodges & Resorts | Your Trusted Booking Platform | Mysore Tour Packages | Regenta, Jungle Resort Kabini Springs | Scuba Diving | Wildlife Safari | Jungle Stays | Luxury Stays | Farmstays | Villas | Pool Stays | Resorts | Homestays | Day Outing | Sightseeing | Culture and Heritage | Glamping | Cabin Stays | Treehouses | Beachfront | Staycations | Luxury Travel | Snorkeling | Kayaking | Surfing | Camping | Trekking / Hiking | Boat Ride | Tiny Homes | A-Frames | Heritage Homes | Biking/Cycling | Rock Climbing | Photography | Avathi Outdoors curates the best local outdoor experiences around you. Whether you like adventure, a silent walk in nature or watching wildlife, we have the most authentic experiences for you.","Not present","Not present","Not present"
"https://www.avathi.com/activities/beachfront-getaways-in-goa/259",3675,"Beachfront getaways in Goa, India | Beachfront getaways in Goa near me | Avathi Beachfront getaways in Goa, India","Near Me - Avathi is one of the best providers offering Beachfront getaways in Goa, India. Learn and engage with the top community for Beachfront getaways in Goa, India. Contact Now!","Beachfront Getaways in Goa","Experiences at Goa | Best beachfront getaways in Goa | You may also be interested in | Explore Other Activities In Goa | Destinations Around Goa | Stories that you should not miss | Discover Activities | Discover Destinations","Scuba Diving in Netrani Island, Murudeshwara | Jungle Stay in Mollem | 1N/2D at Goa's Casa Baga! | Scuba Diving in Netrani Island, Murudeshwara | Jungle Stay in Mollem | 1N/2D at Goa's Casa Baga! | Scuba Diving | Wildlife Safari | Jungle Stays | Luxury Stays | Farmstays | Villas | Pool Stays | Resorts | Homestays | Day Outing | Sightseeing | Culture and Heritage | Glamping | Cabin Stays | Treehouses | Beachfront | Staycations | Luxury Travel | Snorkeling | Kayaking | Surfing | Camping | Trekking / Hiking | Boat Ride | Tiny Homes | A-Frames | Heritage Homes | Biking/Cycling | Rock Climbing | Photography | Avathi Outdoors curates the best local outdoor experiences around you. Whether you like adventure, a silent walk in nature or watching wildlife, we have the most authentic experiences for you.","Not present","Not present","Not present"
"https://www.avathi.com/activities/treehouses-in-coorg/260",4138,"Treehouses in Coorg, India - Pricing, Places, Best Time & More","Treehouses in Coorg Near Me - Avathi curates the best options for Treehouses in Coorg, India. Know more about prices, timings, places, and engage with the top community for Treehouses in Coorg, India. Contact Now!","Treehouses in Coorg","Experiences at Coorg | Best options for Treehouses in Coorg | You may also be interested in | Explore Other Activities In Coorg | Luxury Travel Destinations Around Coorg | Stories that you should not miss | Discover Activities | Discover Destinations","Econest- Cozy Treehouse in Coorg | Econest- Cozy Treehouse in Coorg | Scuba Diving | Wildlife Safari | Jungle Stays | Luxury Stays | Farmstays | Villas | Pool Stays | Resorts | Homestays | Day Outing | Sightseeing | Culture and Heritage | Glamping | Cabin Stays | Treehouses | Beachfront | Staycations | Luxury Travel | Snorkeling | Kayaking | Surfing | Camping | Trekking / Hiking | Boat Ride | Tiny Homes | A-Frames | Heritage Homes | Biking/Cycling | Rock Climbing | Photography | Avathi Outdoors curates the best local outdoor experiences around you. Whether you like adventure, a silent walk in nature or watching wildlife, we have the most authentic experiences for you.","Not present","Not present","Not present"
"https://www.avathi.com/activities/cottages-in-coorg/261",4795,"Cottages in Coorg, India - Pricing, Places, Best Time & More","Cottages in Coorg Near Me - Avathi curates the best options forCottages in Coorg, India. Know more about prices, timings, places, and engage with the top community for Cottages in Coorg, India. Contact Now!","Cottages in Coorg","Experiences at Coorg | Best options for Cottages in Coorg | You may also be interested in | Destinations Around Coorg | Stories that you should not miss | Discover Activities | Discover Destinations","Machaan Wilderness Lodge, Nagarahole | Coorg Cliffs Resort and Spa | The Tamara Coorg | The Winterfell, Coorg | The IBNII | 1N/2D at the Mocha Estate | Elegant Stay at Backwater Stay in Coorg | 1N/2D in the Kodagu Countryside | 1N/2D at the Mountain Gem Homestay | 1N/2D at a Rustic Homestay in Coorg | 1N/2D at an Elegant Plantation Stay | Stay at an A-Frame Cottage in Coorg | A Harmonious Stay at Birchwood Retreat | Stay at Misty Manor | 1N/2D at a Charming Nature Retreat | Jungle stay in Coorg | Machaan Wilderness Lodge, Nagarahole | Coorg Cliffs Resort and Spa | The Tamara Coorg | The Winterfell, Coorg | The IBNII | 1N/2D at the Mocha Estate | Elegant Stay at Backwater Stay in Coorg | 1N/2D in the Kodagu Countryside | 1N/2D at the Mountain Gem Homestay | 1N/2D at a Rustic Homestay in Coorg | 1N/2D at an Elegant Plantation Stay | Stay at an A-Frame Cottage in Coorg | A Harmonious Stay at Birchwood Retreat | Stay at Misty Manor | 1N/2D at a Charming Nature Retreat | Jungle stay in Coorg | Scuba Diving | Wildlife Safari | Jungle Stays | Luxury Stays | Farmstays | Villas | Pool Stays | Resorts | Homestays | Day Outing | Sightseeing | Culture and Heritage | Glamping | Cabin Stays | Treehouses | Beachfront | Staycations | Luxury Travel | Snorkeling | Kayaking | Surfing | Camping | Trekking / Hiking | Boat Ride | Tiny Homes | A-Frames | Heritage Homes | Biking/Cycling | Rock Climbing | Photography | Avathi Outdoors curates the best local outdoor experiences around you. Whether you like adventure, a silent walk in nature or watching wildlife, we have the most authentic experiences for you.","Not present","Not present","Not present"
"https://www.avathi.com/activities/luxury-farm-stays-in-bangalore/262",4393,"Luxury Farm stays near Bangalore, India - Pricing, Places, Best Time & More","Luxury Farm stays near Bangalore Near Me - Avathi curates the best options for Luxury Farm stays near Bangalore, India. Know more about prices, timings, places, and engage with the top community for Luxury Farm stays near Bangalore, India. Contact Now!","Luxury Farm Stays near Bangalore","Experiences at Bangalore | The best options for Luxury Farm Stays near Bangalore | You may also be interested in | Explore Other Activities In Bangalore | Destinations Around Bangalore | Stories that you should not miss | Discover Activities | Discover Destinations","Bobby's Makali Valley Resort | Lavish Tent Stays at the Wilderness Jungle Camp | Cottage Stays near Bangalore - Hide and Teak | Backyard Camp, a Pet-Friendly Lakeside Camp | Rustic Stay at Our Native Village | Hinterland EcoStays, near Bangalore | 1N/2D at the Elfin Manor | Rustic Farm stay near Hosur, Bangalore | 1N/2D in a Cozy Container Home | 1N/2D at an Elegant Stay near Bangalore | Private Team Outing for Corporates and Large Groups at the Fine Odes | Jatayu Rural Farmstay | Stay at the Ivory Tusk Homestay | 1N/2D at a Rustic Getaway near Bangalore | A Fun Day Out at a Rustic Village Resort | Unique Farm Stay near Bangalore | Bobby's Makali Valley Resort | Lavish Tent Stays at the Wilderness Jungle Camp | Cottage Stays near Bangalore - Hide and Teak | Backyard Camp, a Pet-Friendly Lakeside Camp | Rustic Stay at Our Native Village | Hinterland EcoStays, near Bangalore | 1N/2D at the Elfin Manor | Rustic Farm stay near Hosur, Bangalore | 1N/2D in a Cozy Container Home | 1N/2D at an Elegant Stay near Bangalore | Private Team Outing for Corporates and Large Groups at the Fine Odes | Jatayu Rural Farmstay | Stay at the Ivory Tusk Homestay | 1N/2D at a Rustic Getaway near Bangalore | A Fun Day Out at a Rustic Village Resort | Unique Farm Stay near Bangalore | Scuba Diving | Wildlife Safari | Jungle Stays | Luxury Stays | Farmstays | Villas | Pool Stays | Resorts | Homestays | Day Outing | Sightseeing | Culture and Heritage | Glamping | Cabin Stays | Treehouses | Beachfront | Staycations | Luxury Travel | Snorkeling | Kayaking | Surfing | Camping | Trekking / Hiking | Boat Ride | Tiny Homes | A-Frames | Heritage Homes | Biking/Cycling | Rock Climbing | Photography | Avathi Outdoors curates the best local outdoor experiences around you. Whether you like adventure, a silent walk in nature or watching wildlife, we have the most authentic experiences for you.","Not present","Not present","Not present"
"https://www.avathi.com/activities/jungle-resorts-and-lodges-near-chikmagalur/253",4583,"Jungle Resorts & Lodges near Chikmagalur, India | Jungle Resorts & Lodges in Chikmagalur near me | Avathi Jungle Resorts & Lodges near Chikmagalur, India","Jungle Resorts & Lodges Near Me - Avathi is one of the best providers offering Jungle Resorts & Lodges near Chikmagalur, India. Discover Jungle Resorts & Lodges near Chikmagalur and engage with the largest community for Jungle Resorts & Lodges near Chikmagalur, India. Contact Now!","Jungle Resorts & Lodges near Chikmagalur","Experiences at Chikmagalur | Best Jungle Lodges and Resorts near Chikmagalur | You may also be interested in | Explore Other Activities In Chikmagalur | Wildlife Safari Destinations Around Chikmagalur | Stories that you should not miss | Discover Activities | Discover Destinations","Instant Book River Tern Lodge - Bhadra, Jungle Lodges and Resorts | Your Trusted Booking Platform | Instant Book Sharavathi Adventure Camp, Jog Jungle Lodges & Resorts | Your Trusted Booking Platform | Instant Book Sakrebyle Elephant Camp - Jungle Lodges & Resorts | Your Trusted Booking Platform | Instant Book Kemmangundi Hill Resort - Jungle Lodges & Resorts | Your Trusted Booking Platform | 1N/2D at the Coffee Estate Homestay | Instant Book Bhagawathi Nature Camp - Jungle Lodges & Resorts | Your Trusted Booking Platform | Instant Book River Tern Lodge - Bhadra, Jungle Lodges and Resorts | Your Trusted Booking Platform | Instant Book Sharavathi Adventure Camp, Jog Jungle Lodges & Resorts | Your Trusted Booking Platform | Instant Book Sakrebyle Elephant Camp - Jungle Lodges & Resorts | Your Trusted Booking Platform | Instant Book Kemmangundi Hill Resort - Jungle Lodges & Resorts | Your Trusted Booking Platform | 1N/2D at the Coffee Estate Homestay | Instant Book Bhagawathi Nature Camp - Jungle Lodges & Resorts | Your Trusted Booking Platform | Scuba Diving | Wildlife Safari | Jungle Stays | Luxury Stays | Farmstays | Villas | Pool Stays | Resorts | Homestays | Day Outing | Sightseeing | Culture and Heritage | Glamping | Cabin Stays | Treehouses | Beachfront | Staycations | Luxury Travel | Snorkeling | Kayaking | Surfing | Camping | Trekking / Hiking | Boat Ride | Tiny Homes | A-Frames | Heritage Homes | Biking/Cycling | Rock Climbing | Photography | Avathi Outdoors curates the best local outdoor experiences around you. Whether you like adventure, a silent walk in nature or watching wildlife, we have the most authentic experiences for you.","Not present","Not present","Not present"
"https://www.avathi.com/activities/jungle-resorts-and-lodges-near-udupi/254",4997,"Jungle Resorts & Lodges near Udupi, India | Jungle Resorts & Lodges in Udupi near me | Avathi Jungle Resorts & Lodges near Udupi, India","Jungle Resorts & Lodges Near Me - Avathi is one of the best providers offering Jungle Resorts & Lodges near Udupi, India. Discover Jungle Resorts & Lodges near Udupi and engage with the largest community for Jungle Resorts & Lodges near Udupi, India. Contact Now!","Jungle Resorts & Lodges near Udupi","Experiences at Mangalore | Best Jungle Lodges and Resorts near Udupi | You may also be interested in | Wildlife Safari Destinations Around Mangalore | Stories that you should not miss | Discover Activities | Discover Destinations","Instant book Seethanadi Nature Camp, Agumbe Ghats - Jungle Lodges & Resorts | Your Trusted Booking Platform | Instant Book Anejhari Butterfly Camp - Jungle Lodges & Resorts | Your Trusted Booking Platform | Instant Book Sadashivgad Sea View Resort - Jungle Lodges & Resorts | Your Trusted Booking Platform | Instant book Seethanadi Nature Camp, Agumbe Ghats - Jungle Lodges & Resorts | Your Trusted Booking Platform | Instant Book Anejhari Butterfly Camp - Jungle Lodges & Resorts | Your Trusted Booking Platform | Instant Book Sadashivgad Sea View Resort - Jungle Lodges & Resorts | Your Trusted Booking Platform | Scuba Diving | Wildlife Safari | Jungle Stays | Luxury Stays | Farmstays | Villas | Pool Stays | Resorts | Homestays | Day Outing | Sightseeing | Culture and Heritage | Glamping | Cabin Stays | Treehouses | Beachfront | Staycations | Luxury Travel | Snorkeling | Kayaking | Surfing | Camping | Trekking / Hiking | Boat Ride | Tiny Homes | A-Frames | Heritage Homes | Biking/Cycling | Rock Climbing | Photography | Avathi Outdoors curates the best local outdoor experiences around you. Whether you like adventure, a silent walk in nature or watching wildlife, we have the most authentic experiences for you.","Not present","Not present","Not present"
"https://www.avathi.com/activities/scuba-diving-in-udupi/255",4517,"Scuba Diving in Udupi, Kapu Beach","Discover the mesmerizing world beneath the waves with scuba diving in Udupi. Explore vibrant marine life and coral reefs in this coastal paradise. Join trained professionals for an unforgettable underwater adventure. Plan your perfect weekend getaway from Bangalore and experience the thrill of scuba diving in Udupi, India.","Scuba Diving in Udupi, Kapu Beach","Experiences at Mangalore | The best scuba diving spots in and around Udupi | You may also be interested in | Explore Other Activities In Mangalore | Scuba Diving Destinations Around Mangalore | Stories that you should not miss | Discover Activities | Discover Destinations","Scuba Diving in Netrani Island, Murudeshwara | Scuba Diving for Beginners in Kapu | Snorkeling in Netrani | Snorkeling in Kapu Beach | Scuba Diving in Netrani Island, Murudeshwara | Scuba Diving for Beginners in Kapu | Snorkeling in Netrani | Snorkeling in Kapu Beach | Scuba Diving | Wildlife Safari | Jungle Stays | Luxury Stays | Farmstays | Villas | Pool Stays | Resorts | Homestays | Day Outing | Sightseeing | Culture and Heritage | Glamping | Cabin Stays | Treehouses | Beachfront | Staycations | Luxury Travel | Snorkeling | Kayaking | Surfing | Camping | Trekking / Hiking | Boat Ride | Tiny Homes | A-Frames | Heritage Homes | Biking/Cycling | Rock Climbing | Photography | Avathi Outdoors curates the best local outdoor experiences around you. Whether you like adventure, a silent walk in nature or watching wildlife, we have the most authentic experiences for you.","Not present","Not present","Not present"
"https://www.avathi.com/activities/snorkeling-in-pondicherry/256",4406,"Snorkeling in Pondicherry, India | Snorkeling in Pondicherry near me | Avathi Snorkeling in Pondicherry, India","Snorkeling  Near Me - Avathi curates the best options for Snorkeling in Pondicherry, India. Know more about prices, timings, places, and engage with the top community for Snorkeling in Pondicherry, India. Contact Now!","Snorkelling in Pondicherry","Experiences at Pondicherry | Best snorkelling spots in Pondicherry | You may also be interested in | Explore Other Activities In Pondicherry | Snorkeling Destinations Around Pondicherry | Stories that you should not miss | Discover Activities | Discover Destinations","Discover Scuba Diving in Pondicherry | Customisable Pondicherry Packages : Stay, Scuba, Snorkel, Kayak, and Explore the French Quarter! | Mango Hill La Serene - Puducherry | Mango Hill Pondicherry | Snorkeling in the Blue Bay of Bengal, Pondy | Nature Breeze Resort, Pondicherry | Discover Scuba Diving in Pondicherry | Customisable Pondicherry Packages : Stay, Scuba, Snorkel, Kayak, and Explore the French Quarter! | Mango Hill La Serene - Puducherry | Mango Hill Pondicherry | Snorkeling in the Blue Bay of Bengal, Pondy | Nature Breeze Resort, Pondicherry | Scuba Diving | Wildlife Safari | Jungle Stays | Luxury Stays | Farmstays | Villas | Pool Stays | Resorts | Homestays | Day Outing | Sightseeing | Culture and Heritage | Glamping | Cabin Stays | Treehouses | Beachfront | Staycations | Luxury Travel | Snorkeling | Kayaking | Surfing | Camping | Trekking / Hiking | Boat Ride | Tiny Homes | A-Frames | Heritage Homes | Biking/Cycling | Rock Climbing | Photography | Avathi Outdoors curates the best local outdoor experiences around you. Whether you like adventure, a silent walk in nature or watching wildlife, we have the most authentic experiences for you.","Not present","Not present","Not present"
"https://www.avathi.com/activities/snorkeling-in-netrani/257",4336,"Snorkeling in Netrani, India | Snorkeling in Netrani near me | Avathi Snorkeling in Netrani, India","snorkeling--near-me---avathi-curates-the-best-options-for-snorkeling-in-netrani,-india.-know-more-about-prices,-timings,-places,-and-engage-with-the-top-community-for-snorkeling-in-netrani,-india.-contact-now!","Snorkeling in Netrani","Experiences at Gokarna | Best places to snorkel in and around Netrani | You may also be interested in | Explore Other Activities In Gokarna | Snorkeling Destinations Around Gokarna | Stories that you should not miss | Discover Activities | Discover Destinations","Snorkeling in Netrani | Snorkeling in Netrani | Scuba Diving | Wildlife Safari | Jungle Stays | Luxury Stays | Farmstays | Villas | Pool Stays | Resorts | Homestays | Day Outing | Sightseeing | Culture and Heritage | Glamping | Cabin Stays | Treehouses | Beachfront | Staycations | Luxury Travel | Snorkeling | Kayaking | Surfing | Camping | Trekking / Hiking | Boat Ride | Tiny Homes | A-Frames | Heritage Homes | Biking/Cycling | Rock Climbing | Photography | Avathi Outdoors curates the best local outdoor experiences around you. Whether you like adventure, a silent walk in nature or watching wildlife, we have the most authentic experiences for you.","Not present","","Not present"
"https://www.avathi.com/activities/unique-stays-in-pondicherry/248",4373,"Unique Stays in Pondicherry , India | Unique Stays in Pondicherry near me | Avathi Unique Stays near Pondicherry , India","Unique Stays in Pondicherry Near Me - Avathi curates the best options for Unique Stays in Pondicherry , India. Know more about prices, timings, places, and engage with the top community for Unique Stays in Pondicherry  , India. Contact Now!","Unique Stays in Pondicherry","Experiences at Pondicherry | Best Unique Stays in Pondicherry | You may also be interested in | Explore Other Activities In Pondicherry | Luxury Travel Destinations Around Pondicherry | Stories that you should not miss | Discover Activities | Discover Destinations","Customisable Pondicherry Packages : Stay, Scuba, Snorkel, Kayak, and Explore the French Quarter! | Mango Hill Pondicherry | Mango Hill La Serene - Puducherry | Nature Breeze Resort, Pondicherry | Customisable Pondicherry Packages : Stay, Scuba, Snorkel, Kayak, and Explore the French Quarter! | Mango Hill Pondicherry | Mango Hill La Serene - Puducherry | Nature Breeze Resort, Pondicherry | Scuba Diving | Wildlife Safari | Jungle Stays | Luxury Stays | Farmstays | Villas | Pool Stays | Resorts | Homestays | Day Outing | Sightseeing | Culture and Heritage | Glamping | Cabin Stays | Treehouses | Beachfront | Staycations | Luxury Travel | Snorkeling | Kayaking | Surfing | Camping | Trekking / Hiking | Boat Ride | Tiny Homes | A-Frames | Heritage Homes | Biking/Cycling | Rock Climbing | Photography | Avathi Outdoors curates the best local outdoor experiences around you. Whether you like adventure, a silent walk in nature or watching wildlife, we have the most authentic experiences for you.","Not present","Not present","Not present"
"https://www.avathi.com/activities/unique-stays-in-sakleshpur/249",4343,"Unique Stays in Sakleshpur, India | Unique Stays in Sakleshpur near me | Avathi Unique Stays near Sakleshpur, India","Unique Stays in Sakleshpur Near Me - Avathi curates the best options for Unique Stays in Sakleshpur, India. Know more about prices, timings, places, and engage with the top community for Unique Stays in Sakleshpur, India. Contact Now!","Unique Stays in Sakleshpur","Best Unique Stays in Sakleshpur | You may also be interested in | Explore Other Activities In Sakleshpur | Luxury Travel Destinations Around Sakleshpur | Stories that you should not miss | Discover Activities | Discover Destinations","Scuba Diving | Wildlife Safari | Jungle Stays | Luxury Stays | Farmstays | Villas | Pool Stays | Resorts | Homestays | Day Outing | Sightseeing | Culture and Heritage | Glamping | Cabin Stays | Treehouses | Beachfront | Staycations | Luxury Travel | Snorkeling | Kayaking | Surfing | Camping | Trekking / Hiking | Boat Ride | Tiny Homes | A-Frames | Heritage Homes | Biking/Cycling | Rock Climbing | Photography | Avathi Outdoors curates the best local outdoor experiences around you. Whether you like adventure, a silent walk in nature or watching wildlife, we have the most authentic experiences for you.","Not present","Not present","Not present"
"https://www.avathi.com/activities/water-sports-in-pondicherry/250",3806,"Water sports in Pondicherry, India | Water sports in Pondicherry near me | Avathi Water sports in Pondicherry, India","Water sports Near Me - Avathi curates the best options for Water sports in Pondicherry, India. Know more about prices, timings, places, and engage with the top community for Water sports in Pondicherry, India. Contact Now!","Water Sports in Pondicherry","Experiences at Pondicherry | Best water sports activities in Pondicherry | You may also be interested in | Explore Other Activities In Pondicherry | Surfing Destinations Around Pondicherry | Stories that you should not miss | Discover Activities | Discover Destinations","Discover Scuba Diving in Pondicherry | Customisable Pondicherry Packages : Stay, Scuba, Snorkel, Kayak, and Explore the French Quarter! | Mango Hill Pondicherry | Mango Hill La Serene - Puducherry | Snorkeling in the Blue Bay of Bengal, Pondy | Nature Breeze Resort, Pondicherry | PADI Open Water Scuba Diving Course in Pondy! | Kayaking in the Backwaters & Mangroves of Pondy | PADI Fun Dive in the Open Ocean | Single Day Scuba Diving in Pondi | Surfing Lessons in Pondicherry | Discover Scuba Diving in Pondicherry | Customisable Pondicherry Packages : Stay, Scuba, Snorkel, Kayak, and Explore the French Quarter! | Mango Hill Pondicherry | Mango Hill La Serene - Puducherry | Snorkeling in the Blue Bay of Bengal, Pondy | Nature Breeze Resort, Pondicherry | PADI Open Water Scuba Diving Course in Pondy! | Kayaking in the Backwaters & Mangroves of Pondy | PADI Fun Dive in the Open Ocean | Single Day Scuba Diving in Pondi | Surfing Lessons in Pondicherry | Scuba Diving | Wildlife Safari | Jungle Stays | Luxury Stays | Farmstays | Villas | Pool Stays | Resorts | Homestays | Day Outing | Sightseeing | Culture and Heritage | Glamping | Cabin Stays | Treehouses | Beachfront | Staycations | Luxury Travel | Snorkeling | Kayaking | Surfing | Camping | Trekking / Hiking | Boat Ride | Tiny Homes | A-Frames | Heritage Homes | Biking/Cycling | Rock Climbing | Photography | Avathi Outdoors curates the best local outdoor experiences around you. Whether you like adventure, a silent walk in nature or watching wildlife, we have the most authentic experiences for you.","Not present","Not present","Not present"
"https://www.avathi.com/activities/scuba-diving-in-kapu/251",3839,"Scuba Diving in Kapu, India | Scuba Diving in Kapu near me | Avathi Scuba Diving in Kapu, India","Scuba Diving Near Me - Avathi is  one of the best providers offering Scuba Diving in Kapu, India. Learn Scuba Diving and engage with the top community for Scuba Diving in Kapu, India. Contact Now!","Scuba Diving in Kapu","Experiences at Mangalore |  | You may also be interested in | Explore Other Activities In Mangalore | Scuba Diving Destinations Around Mangalore | Stories that you should not miss | Discover Activities | Discover Destinations","Scuba Diving in Netrani Island, Murudeshwara | Scuba Diving for Beginners in Kapu | Snorkeling in Kapu Beach | Scuba Diving in Netrani Island, Murudeshwara | Scuba Diving for Beginners in Kapu | Snorkeling in Kapu Beach | Scuba Diving | Wildlife Safari | Jungle Stays | Luxury Stays | Farmstays | Villas | Pool Stays | Resorts | Homestays | Day Outing | Sightseeing | Culture and Heritage | Glamping | Cabin Stays | Treehouses | Beachfront | Staycations | Luxury Travel | Snorkeling | Kayaking | Surfing | Camping | Trekking / Hiking | Boat Ride | Tiny Homes | A-Frames | Heritage Homes | Biking/Cycling | Rock Climbing | Photography | Avathi Outdoors curates the best local outdoor experiences around you. Whether you like adventure, a silent walk in nature or watching wildlife, we have the most authentic experiences for you.","Not present","Not present","Not present"
"https://www.avathi.com/activities/jungle-resorts-and-lodges-in-bangalore/252",5324,"Jungle Resorts in Bangalore Karnataka | Jungle Resorts, Lodges near me | Avathi","Jungle Resorts & Lodges Near Me - Avathi is one of the best providers offering Jungle Resorts & Lodges near Bangalore, India. Discover Jungle Resorts & Lodges near Bangalore and engage with the largest community for Jungle Resorts & Lodges near Bangalore, India. Contact Now!","Jungle Lodges and Resorts near Bangalore","Experiences at Bangalore | Best Jungle Lodges and Resorts near Bangalore | You may also be interested in | Wildlife Safari Destinations Around Bangalore | Stories that you should not miss | Discover Activities | Discover Destinations","Instant Book Kabini River Lodge - Jungle Lodges & Resorts | Your Trusted Booking Platform | Instant Book K Gudi Wilderness Camp - BR Hills | Jungle Lodges & Resorts B.R. Hills | B.R.T Wildlife Sanctuary | Instant Book River Tern Lodge - Bhadra, Jungle Lodges and Resorts | Your Trusted Booking Platform | Instant Book Bheemeshwari Adventure and Nature Camp - Jungle Lodges & Resorts | Your Trusted Booking Platform | Instant Book Dubare Elephant Camp - Jungle Lodges & Resorts | Your Trusted Booking Platform | Instant Book Galibore Nature Camp - Jungle Lodges & Resorts | Your Trusted Booking Platform | Instant Book Sharavathi Adventure Camp, Jog Jungle Lodges & Resorts | Your Trusted Booking Platform | Instant Book Bannerghatta Nature Camp - Jungle Lodges & Resorts | Your Trusted Booking Platform | Instant Book Sakrebyle Elephant Camp - Jungle Lodges & Resorts | Your Trusted Booking Platform | Instant Book Gopinatham Mystery Trails - Jungle Lodges & Resorts | Your Trusted Booking Platform | Instant Book Hampi Heritage & Wilderness Resort - Jungle Lodges & Resorts | Your Trusted Booking Platform | Instant book Seethanadi Nature Camp, Agumbe Ghats - Jungle Lodges & Resorts | Your Trusted Booking Platform | Instant Book Blackbuck Resort - Jungle Lodges & Resorts | Your Trusted Booking Platform | Instant Book Kemmangundi Hill Resort - Jungle Lodges & Resorts | Your Trusted Booking Platform | Instant Book Old Magazine House, Ganeshgudi - Jungle Lodges & Resorts | Your Trusted Booking Platform | Instant Book Sadashivgad Sea View Resort - Jungle Lodges & Resorts | Your Trusted Booking Platform | Instant Book Kabini River Lodge - Jungle Lodges & Resorts | Your Trusted Booking Platform | Instant Book K Gudi Wilderness Camp - BR Hills | Jungle Lodges & Resorts B.R. Hills | B.R.T Wildlife Sanctuary | Instant Book River Tern Lodge - Bhadra, Jungle Lodges and Resorts | Your Trusted Booking Platform | Instant Book Bheemeshwari Adventure and Nature Camp - Jungle Lodges & Resorts | Your Trusted Booking Platform | Instant Book Dubare Elephant Camp - Jungle Lodges & Resorts | Your Trusted Booking Platform | Instant Book Galibore Nature Camp - Jungle Lodges & Resorts | Your Trusted Booking Platform | Instant Book Sharavathi Adventure Camp, Jog Jungle Lodges & Resorts | Your Trusted Booking Platform | Instant Book Bannerghatta Nature Camp - Jungle Lodges & Resorts | Your Trusted Booking Platform | Instant Book Sakrebyle Elephant Camp - Jungle Lodges & Resorts | Your Trusted Booking Platform | Instant Book Gopinatham Mystery Trails - Jungle Lodges & Resorts | Your Trusted Booking Platform | Instant Book Hampi Heritage & Wilderness Resort - Jungle Lodges & Resorts | Your Trusted Booking Platform | Instant book Seethanadi Nature Camp, Agumbe Ghats - Jungle Lodges & Resorts | Your Trusted Booking Platform | Instant Book Blackbuck Resort - Jungle Lodges & Resorts | Your Trusted Booking Platform | Instant Book Kemmangundi Hill Resort - Jungle Lodges & Resorts | Your Trusted Booking Platform | Instant Book Old Magazine House, Ganeshgudi - Jungle Lodges & Resorts | Your Trusted Booking Platform | Instant Book Sadashivgad Sea View Resort - Jungle Lodges & Resorts | Your Trusted Booking Platform | Scuba Diving | Wildlife Safari | Jungle Stays | Luxury Stays | Farmstays | Villas | Pool Stays | Resorts | Homestays | Day Outing | Sightseeing | Culture and Heritage | Glamping | Cabin Stays | Treehouses | Beachfront | Staycations | Luxury Travel | Snorkeling | Kayaking | Surfing | Camping | Trekking / Hiking | Boat Ride | Tiny Homes | A-Frames | Heritage Homes | Biking/Cycling | Rock Climbing | Photography | Avathi Outdoors curates the best local outdoor experiences around you. Whether you like adventure, a silent walk in nature or watching wildlife, we have the most authentic experiences for you.","Not present","","Not present"
"https://www.avathi.com/activities/tiny-homes-in-bangalore/243",4658,"Tiny Homes in Bangalore, India | Tiny Homes in Bangalore near me | Avathi Tiny Homes in Bangalore, India","Tiny Homes Near Me - Avathi curates the best options for Tiny Homes in Bangalore, India. Know more about prices, timings, places, and engage with the top community for Tiny Homes in Bangalore, India. Contact Now!","Tiny Homes in Bangalore","Experiences at Bangalore | Best Tiny Homes in Bangalore | You may also be interested in | Explore Other Activities In Bangalore | Destinations Around Bangalore | Stories that you should not miss | Discover Activities | Discover Destinations","Lavish Tent Stays at the Wilderness Jungle Camp | Baevu, The Village | Rustic Farm stay near Hosur, Bangalore | Forest Research Field Station | 1N/2D at an Elegant Stay near Bangalore | A Fun Day Out at a Rustic Organic Farm | 1N/2D at the Greenview Estate | 1N/2D in a Cozy Container Home | 1N/2D at the Elfin Manor | Experience Farm Stay at a Pet-Friendly Farm near Bangalore | A Traditional Organic Farm Stay Near Bangalore | 1N/2D at a Traditional Mud Hut in Bangalore | Riverside Stay at Riverside Inn | 1N/2D at Happy Hooves Farm | 1N/2D at Silver Vine Pool Villa | 1N/2D at a Plush, Emerald Pool Farmhouse | Lavish Tent Stays at the Wilderness Jungle Camp | Baevu, The Village | Rustic Farm stay near Hosur, Bangalore | Forest Research Field Station | 1N/2D at an Elegant Stay near Bangalore | A Fun Day Out at a Rustic Organic Farm | 1N/2D at the Greenview Estate | 1N/2D in a Cozy Container Home | 1N/2D at the Elfin Manor | Experience Farm Stay at a Pet-Friendly Farm near Bangalore | A Traditional Organic Farm Stay Near Bangalore | 1N/2D at a Traditional Mud Hut in Bangalore | Riverside Stay at Riverside Inn | 1N/2D at Happy Hooves Farm | 1N/2D at Silver Vine Pool Villa | 1N/2D at a Plush, Emerald Pool Farmhouse | Scuba Diving | Wildlife Safari | Jungle Stays | Luxury Stays | Farmstays | Villas | Pool Stays | Resorts | Homestays | Day Outing | Sightseeing | Culture and Heritage | Glamping | Cabin Stays | Treehouses | Beachfront | Staycations | Luxury Travel | Snorkeling | Kayaking | Surfing | Camping | Trekking / Hiking | Boat Ride | Tiny Homes | A-Frames | Heritage Homes | Biking/Cycling | Rock Climbing | Photography | Avathi Outdoors curates the best local outdoor experiences around you. Whether you like adventure, a silent walk in nature or watching wildlife, we have the most authentic experiences for you.","Not present","Not present","Not present"
"https://www.avathi.com/activities/trekking-in-bilikal-rangaswamy-betta/244",4672,"Trekking in Bilikal Rangaswamy Betta, India | Trekking in Bilikal Rangaswamy Betta near me | Avathi Trekking in Bilikal Rangaswamy Betta, India","Trekking Near Me - Avathi curates the best options for Trekking in Bilikal Rangaswamy Betta, India. Know more about prices, timings, places, and engage with the top community for Trekking in Bilikal Rangaswamy Betta, India. Contact Now!","Trekking in Bilikal Rangaswamy Betta","Best trekking trails in and around Bilikal Rangaswamy Betta | You may also be interested in | Explore Other Activities In | Trekking / Hiking Destinations Around | Stories that you should not miss | Discover Activities | Discover Destinations","Scuba Diving | Wildlife Safari | Jungle Stays | Luxury Stays | Farmstays | Villas | Pool Stays | Resorts | Homestays | Day Outing | Sightseeing | Culture and Heritage | Glamping | Cabin Stays | Treehouses | Beachfront | Staycations | Luxury Travel | Snorkeling | Kayaking | Surfing | Camping | Trekking / Hiking | Boat Ride | Tiny Homes | A-Frames | Heritage Homes | Biking/Cycling | Rock Climbing | Photography | Avathi Outdoors curates the best local outdoor experiences around you. Whether you like adventure, a silent walk in nature or watching wildlife, we have the most authentic experiences for you.","Not present","Not present","Not present"
"https://www.avathi.com/activities/camping-in-antharagange/245",4047,"Camping in Antharagange, India | Camping in Antharagange near me | Avathi Camping in Antharagange, India","Camping Near Me - Avathi curates the best options for Camping in Antharagange, India. Know more about prices, timings, places, and engage with the top community for Camping in Antharagange, India. Contact Now!","Camping in Antharagange","Experiences at Bangalore |  | You may also be interested in | Explore Other Activities In Bangalore | Destinations Around Bangalore | Stories that you should not miss | Discover Activities | Discover Destinations","Bobby's Makali Valley Resort | Lavish Tent Stays at the Wilderness Jungle Camp | Backyard Camp, a Pet-Friendly Lakeside Camp | Instant Book Bheemeshwari Adventure and Nature Camp - Jungle Lodges & Resorts | Your Trusted Booking Platform | Nomad's Camps at Devarayana Durga Hills | Nature adventure Camp, near Kanakapura | Barbeque & Camping near Savandurga Peak | Day Outing for Corporate at the Leisure Lanes | Adventure and nature resort near Nandi hills, Bangalore | Forest Research Field Station | Experience Farm Stay at a Pet-Friendly Farm near Bangalore | Camping and Cottages at a Food Forest Farm | Adventure sports and Camping in Ramanagara | 1N/2D Cottage and Camping at Manga Lake View Farms | Camping and Activities at Sunrise Adventure Camp | Glamping at Devarayana Durga Hills - Nomads Camp | Bobby's Makali Valley Resort | Lavish Tent Stays at the Wilderness Jungle Camp | Backyard Camp, a Pet-Friendly Lakeside Camp | Instant Book Bheemeshwari Adventure and Nature Camp - Jungle Lodges & Resorts | Your Trusted Booking Platform | Nomad's Camps at Devarayana Durga Hills | Nature adventure Camp, near Kanakapura | Barbeque & Camping near Savandurga Peak | Day Outing for Corporate at the Leisure Lanes | Adventure and nature resort near Nandi hills, Bangalore | Forest Research Field Station | Experience Farm Stay at a Pet-Friendly Farm near Bangalore | Camping and Cottages at a Food Forest Farm | Adventure sports and Camping in Ramanagara | 1N/2D Cottage and Camping at Manga Lake View Farms | Camping and Activities at Sunrise Adventure Camp | Glamping at Devarayana Durga Hills - Nomads Camp | Scuba Diving | Wildlife Safari | Jungle Stays | Luxury Stays | Farmstays | Villas | Pool Stays | Resorts | Homestays | Day Outing | Sightseeing | Culture and Heritage | Glamping | Cabin Stays | Treehouses | Beachfront | Staycations | Luxury Travel | Snorkeling | Kayaking | Surfing | Camping | Trekking / Hiking | Boat Ride | Tiny Homes | A-Frames | Heritage Homes | Biking/Cycling | Rock Climbing | Photography | Avathi Outdoors curates the best local outdoor experiences around you. Whether you like adventure, a silent walk in nature or watching wildlife, we have the most authentic experiences for you.","Not present","Not present","Not present"
"https://www.avathi.com/activities/unique-stays-in-coorg/246",3579,"Unique Stays in Coorg, India | Unique Stays in Coorg near me | Avathi Unique Stays near Coorg, India","Unique Stays in Coorg Near Me - Avathi curates the best options for Unique Stays in Coorg, India. Know more about prices, timings, places, and engage with the top community for Unique Stays in Coorg, India. Contact Now!","Unique Stays in Coorg","Experiences at Coorg | Best Unique Stays in Coorg | You may also be interested in | Stories that you should not miss | Discover Activities | Discover Destinations","Machaan Wilderness Lodge, Nagarahole | Coorg Cliffs Resort and Spa | The Tamara Coorg | 1N/2D at a Boutique Homestay | 1N/2D at an Elegant Plantation Resort | Econest- Cozy Treehouse in Coorg | 1N/2D at a Rustic Homestay in Coorg | Elegant Tree House in Coorg | Machaan Wilderness Lodge, Nagarahole | Coorg Cliffs Resort and Spa | The Tamara Coorg | 1N/2D at a Boutique Homestay | 1N/2D at an Elegant Plantation Resort | Econest- Cozy Treehouse in Coorg | 1N/2D at a Rustic Homestay in Coorg | Elegant Tree House in Coorg | Scuba Diving | Wildlife Safari | Jungle Stays | Luxury Stays | Farmstays | Villas | Pool Stays | Resorts | Homestays | Day Outing | Sightseeing | Culture and Heritage | Glamping | Cabin Stays | Treehouses | Beachfront | Staycations | Luxury Travel | Snorkeling | Kayaking | Surfing | Camping | Trekking / Hiking | Boat Ride | Tiny Homes | A-Frames | Heritage Homes | Biking/Cycling | Rock Climbing | Photography | Avathi Outdoors curates the best local outdoor experiences around you. Whether you like adventure, a silent walk in nature or watching wildlife, we have the most authentic experiences for you.","Not present","Not present","Not present"
"https://www.avathi.com/activities/uniqeu-stays-in-chikmagalur/247",4209,"Unique Stays in Chikmagalur , India | Unique Stays in Chikmagalur near me | Avathi Unique Stays near Chikmagalur , India","Unique Stays in Chikmagalur Near Me - Avathi curates the best options for Unique Stays in Chikmagalur , India. Know more about prices, timings, places, and engage with the top community for Unique Stays in Chikmagalur , India. Contact Now!","Unique Stays in Chikmagalur","Experiences at Chikmagalur | Best Unique Stays in Chikmagalur | You may also be interested in | Explore Other Activities In Chikmagalur | Stories that you should not miss | Discover Activities | Discover Destinations","Vismita County- Luxurious Getaway in Chikmagalur | Cottage stay in Chikmagalur | Charming Cottage Stays in Chikmagalur | Breathe Resorts and Villas - Chikmagalur | Vismita County- Luxurious Getaway in Chikmagalur | Cottage stay in Chikmagalur | Charming Cottage Stays in Chikmagalur | Breathe Resorts and Villas - Chikmagalur | Scuba Diving | Wildlife Safari | Jungle Stays | Luxury Stays | Farmstays | Villas | Pool Stays | Resorts | Homestays | Day Outing | Sightseeing | Culture and Heritage | Glamping | Cabin Stays | Treehouses | Beachfront | Staycations | Luxury Travel | Snorkeling | Kayaking | Surfing | Camping | Trekking / Hiking | Boat Ride | Tiny Homes | A-Frames | Heritage Homes | Biking/Cycling | Rock Climbing | Photography | Avathi Outdoors curates the best local outdoor experiences around you. Whether you like adventure, a silent walk in nature or watching wildlife, we have the most authentic experiences for you.","Not present","","Not present"
"https://www.avathi.com/activities/sciuba-diving-in-barren-island/238",4581,"Scuba Diving in Barren Island, India | Scuba Diving in Barren Island near me | Avathi Scuba Diving in Barren Island, India","Scuba Diving Near Me - Avathi is  one of the best providers offering Scuba Diving in Barren Island, India. Learn Scuba Diving and engage with the top community for Scuba Diving in Barren Island, India. Contact Now!","Scuba Diving in Barren Island","Experiences at Andamans | Best dive spots in Barren Island | You may also be interested in | Explore Other Activities In Andamans | Scuba Diving Destinations Around Andamans | Stories that you should not miss | Discover Activities | Discover Destinations","Open Water Diving+ Advanced Open Water Dive Course | Beginner's Scuba Diving in the Andamans (Shore) | Advanced Open Water Dive Course at Chidiyatapu | Certified Open Water Dive Course at Havelock Island | Beginner's Scuba Diving in the Andamans (Boat) | Advanced Open Water Diver Course | Open Water Scuba Diving in the Andaman Islands | Open Water Dive Course at Havelock Island | Discover Scuba Diving in Havelock Island | Scuba Diving for Beginners at Havelock Island | DSD+ Open Water Diver Course | Open Water Dive Course at Chidiyatapu | Advanced Open Water Dive Course at Havelock Island | Open Water Diving+ Advanced Open Water Dive Course | Beginner's Scuba Diving in the Andamans (Shore) | Advanced Open Water Dive Course at Chidiyatapu | Certified Open Water Dive Course at Havelock Island | Beginner's Scuba Diving in the Andamans (Boat) | Advanced Open Water Diver Course | Open Water Scuba Diving in the Andaman Islands | Open Water Dive Course at Havelock Island | Discover Scuba Diving in Havelock Island | Scuba Diving for Beginners at Havelock Island | DSD+ Open Water Diver Course | Open Water Dive Course at Chidiyatapu | Advanced Open Water Dive Course at Havelock Island | Scuba Diving | Wildlife Safari | Jungle Stays | Luxury Stays | Farmstays | Villas | Pool Stays | Resorts | Homestays | Day Outing | Sightseeing | Culture and Heritage | Glamping | Cabin Stays | Treehouses | Beachfront | Staycations | Luxury Travel | Snorkeling | Kayaking | Surfing | Camping | Trekking / Hiking | Boat Ride | Tiny Homes | A-Frames | Heritage Homes | Biking/Cycling | Rock Climbing | Photography | Avathi Outdoors curates the best local outdoor experiences around you. Whether you like adventure, a silent walk in nature or watching wildlife, we have the most authentic experiences for you.","Not present","Not present","Not present"
"https://www.avathi.com/activities/scuba-diving-in-cinque-island/239",4674,"Scuba Diving in Cinque Island, India | Scuba Diving in Cinque Island near me | Avathi Scuba Diving in Cinque Island, India","Scuba Diving Near Me - Avathi is  one of the best providers offering Scuba Diving in Cinque Island, India. Learn Scuba Diving and engage with the top community for Scuba Diving in Cinque Island, India. Contact Now!","Scuba Diving in Cinque Island","Experiences at Andamans | The best dive sites on Cinque Island | You may also be interested in | Explore Other Activities In Andamans | Scuba Diving Destinations Around Andamans | Stories that you should not miss | Discover Activities | Discover Destinations","Open Water Diving+ Advanced Open Water Dive Course | Beginner's Scuba Diving in the Andamans (Shore) | Advanced Open Water Dive Course at Chidiyatapu | Certified Open Water Dive Course at Havelock Island | Beginner's Scuba Diving in the Andamans (Boat) | Advanced Open Water Diver Course | Open Water Scuba Diving in the Andaman Islands | Open Water Dive Course at Havelock Island | Discover Scuba Diving in Havelock Island | Scuba Diving for Beginners at Havelock Island | DSD+ Open Water Diver Course | Open Water Dive Course at Chidiyatapu | Advanced Open Water Dive Course at Havelock Island | Open Water Diving+ Advanced Open Water Dive Course | Beginner's Scuba Diving in the Andamans (Shore) | Advanced Open Water Dive Course at Chidiyatapu | Certified Open Water Dive Course at Havelock Island | Beginner's Scuba Diving in the Andamans (Boat) | Advanced Open Water Diver Course | Open Water Scuba Diving in the Andaman Islands | Open Water Dive Course at Havelock Island | Discover Scuba Diving in Havelock Island | Scuba Diving for Beginners at Havelock Island | DSD+ Open Water Diver Course | Open Water Dive Course at Chidiyatapu | Advanced Open Water Dive Course at Havelock Island | Scuba Diving | Wildlife Safari | Jungle Stays | Luxury Stays | Farmstays | Villas | Pool Stays | Resorts | Homestays | Day Outing | Sightseeing | Culture and Heritage | Glamping | Cabin Stays | Treehouses | Beachfront | Staycations | Luxury Travel | Snorkeling | Kayaking | Surfing | Camping | Trekking / Hiking | Boat Ride | Tiny Homes | A-Frames | Heritage Homes | Biking/Cycling | Rock Climbing | Photography | Avathi Outdoors curates the best local outdoor experiences around you. Whether you like adventure, a silent walk in nature or watching wildlife, we have the most authentic experiences for you.","Not present","Not present","Not present"
"https://www.avathi.com/activities/scuba-diving-in-netrani/240",4610,"Scuba Diving in Netrani - Pricing, Places, Best Time & More","Scuba Diving in Netrani - Avathi curates the best options for Scuba diving in Netrani. Know more about prices, timings, places, and engage with the top community for Scuba diving in Netrani, India. Contact Now!","Scuba Diving in Netrani","Experiences at Bangalore | The best dive spots in Netrani | You may also be interested in | Explore Other Activities In Bangalore | Surfing Destinations Around Bangalore | Stories that you should not miss | Discover Activities | Discover Destinations","Scuba Diving in Netrani Island, Murudeshwara | Scuba Diving for Beginners in Kapu | Snorkeling in Netrani | Scuba Diving in Netrani Island, Murudeshwara | Scuba Diving for Beginners in Kapu | Snorkeling in Netrani | Scuba Diving | Wildlife Safari | Jungle Stays | Luxury Stays | Farmstays | Villas | Pool Stays | Resorts | Homestays | Day Outing | Sightseeing | Culture and Heritage | Glamping | Cabin Stays | Treehouses | Beachfront | Staycations | Luxury Travel | Snorkeling | Kayaking | Surfing | Camping | Trekking / Hiking | Boat Ride | Tiny Homes | A-Frames | Heritage Homes | Biking/Cycling | Rock Climbing | Photography | Avathi Outdoors curates the best local outdoor experiences around you. Whether you like adventure, a silent walk in nature or watching wildlife, we have the most authentic experiences for you.","Not present","Not present","Not present"
"https://www.avathi.com/activities/trekking-in-channarayana-durga/241",5838,"Trekking in Channarayana Durga, India | Trekking in Channarayana Durga near me | Avathi Trekking in Channarayana Durga, India","Trekking Near Me - Avathi curates the best options for Trekking in Channarayana Durga, India. Know more about prices, timings, places, and engage with the top community for Trekking in Channarayana Durga, India. Contact Now!","Trekking in Channarayana Durga","Experiences at Bangalore | Best Trekking Trails in and around Channarayana Durga | You may also be interested in | Explore Other Activities In Bangalore | Trekking / Hiking Destinations Around Bangalore | Stories that you should not miss | Discover Activities | Discover Destinations","Lavish Tent Stays at the Wilderness Jungle Camp | Bobby's Makali Valley Resort | Instant Book Bheemeshwari Adventure and Nature Camp - Jungle Lodges & Resorts | Your Trusted Booking Platform | Day Outing at the Bheemeshwari Adventure and Nature Camp - Jungle Lodges & Resorts | Your Trusted Booking Platform | Nomad's Camps at Devarayana Durga Hills | Nature adventure Camp, near Kanakapura | Baevu, The Village | Camping and Activities at Sunrise Adventure Camp | 1N/2D at an Enchanting Nature Resort | A Day Out at an Enchanting Nature Resort! | Rustic Farm stay near Hosur, Bangalore | Lavish Tent Stays at the Wilderness Jungle Camp | Bobby's Makali Valley Resort | Instant Book Bheemeshwari Adventure and Nature Camp - Jungle Lodges & Resorts | Your Trusted Booking Platform | Day Outing at the Bheemeshwari Adventure and Nature Camp - Jungle Lodges & Resorts | Your Trusted Booking Platform | Nomad's Camps at Devarayana Durga Hills | Nature adventure Camp, near Kanakapura | Baevu, The Village | Camping and Activities at Sunrise Adventure Camp | 1N/2D at an Enchanting Nature Resort | A Day Out at an Enchanting Nature Resort! | Rustic Farm stay near Hosur, Bangalore | Scuba Diving | Wildlife Safari | Jungle Stays | Luxury Stays | Farmstays | Villas | Pool Stays | Resorts | Homestays | Day Outing | Sightseeing | Culture and Heritage | Glamping | Cabin Stays | Treehouses | Beachfront | Staycations | Luxury Travel | Snorkeling | Kayaking | Surfing | Camping | Trekking / Hiking | Boat Ride | Tiny Homes | A-Frames | Heritage Homes | Biking/Cycling | Rock Climbing | Photography | Avathi Outdoors curates the best local outdoor experiences around you. Whether you like adventure, a silent walk in nature or watching wildlife, we have the most authentic experiences for you.","Not present","Not present","Not present"
"https://www.avathi.com/activities/trekking-in-brahmagiri/242",6085,"Trekking in Brahmagiri, India | Trekking in Brahmagiri near me | Avathi Trekking in Brahmagiri, India","Trekking Near Me - Avathi is one of the best providers offering Trekking in Brahmagiri, India. Learn and engage with the top community for Trekking in Brahmagiri, India. Contact Now!","Trekking in Brahmagiri","Experiences at Coorg | Best Trekking Trails in and around Brahmagiri | You may also be interested in | Trekking / Hiking Destinations Around Coorg | Stories that you should not miss | Discover Activities | Discover Destinations","Jungle stay in Coorg | Camping and Sunset Jeep Drive by the backwaters | Elegant Hillside Cottages in Coorg | Stay at an Elegant Nature Lodge! | 1N/2D at an Eco-Friendly Homestay in Coorg | Charming Cottage stays in Coorg | Birding for Experienced Persons | Birding for Beginners in Coorg Forests | Elegant Tree House in Coorg | 1N/2D at a Rustic Homestay in Coorg | Hike on the Mt. Ridges in Coorg | Hike through the Clouds in Coorg | Hike through the Wild Forest of Coorg | Stay at Misty Manor | Hike through the Shola Forest and Misty Grasslands | Swiss Tent- Nature Stay at Coorg | Jungle stay in Coorg | Camping and Sunset Jeep Drive by the backwaters | Elegant Hillside Cottages in Coorg | Stay at an Elegant Nature Lodge! | 1N/2D at an Eco-Friendly Homestay in Coorg | Charming Cottage stays in Coorg | Birding for Experienced Persons | Birding for Beginners in Coorg Forests | Elegant Tree House in Coorg | 1N/2D at a Rustic Homestay in Coorg | Hike on the Mt. Ridges in Coorg | Hike through the Clouds in Coorg | Hike through the Wild Forest of Coorg | Stay at Misty Manor | Hike through the Shola Forest and Misty Grasslands | Swiss Tent- Nature Stay at Coorg | Scuba Diving | Wildlife Safari | Jungle Stays | Luxury Stays | Farmstays | Villas | Pool Stays | Resorts | Homestays | Day Outing | Sightseeing | Culture and Heritage | Glamping | Cabin Stays | Treehouses | Beachfront | Staycations | Luxury Travel | Snorkeling | Kayaking | Surfing | Camping | Trekking / Hiking | Boat Ride | Tiny Homes | A-Frames | Heritage Homes | Biking/Cycling | Rock Climbing | Photography | Avathi Outdoors curates the best local outdoor experiences around you. Whether you like adventure, a silent walk in nature or watching wildlife, we have the most authentic experiences for you.","Not present","","Not present"
"https://www.avathi.com/activities/experience-day-outing-with-jlr/269",4471,"Day outing at Jungle Lodges and Resorts in Bangalore","Discover the best day outing experiences with Jungle Lodges and Resorts in and around Bangalore. Get the best of fun and adventure activities to experience during your offsites near Bangalore.","Day outing at Jungle Lodges and Resorts in Bangalore","Experiences at Bangalore | Explore these fun activities to bring your team alive at jungle lodges and resorts. | You may also be interested in | Day Outing Destinations Around Bangalore | Stories that you should not miss | Discover Activities | Discover Destinations","Day Outing at the Bheemeshwari Adventure and Nature Camp - Jungle Lodges & Resorts | Your Trusted Booking Platform | Day Outing at Dubare Elephant Camp - Jungle Lodges & Resorts | Your Trusted Booking Platform | Nature adventure Camp, near Kanakapura | Secret Valley Resort | Nature Adventure Camp | Day Outing at Galibore Nature Camp - Jungle Lodges & Resorts | Your Trusted Booking Platform | Day Outing at Sharavathi Adventure Camp - Jungle Lodges & Resorts | Your Trusted Booking Platform | Day Outing at Devbagh Adventure Camp - Jungle Lodges & Resorts | Your Trusted Booking Platform | Day Out at an Adventure Resort near Bangalore! | Container Cabins Near Bangalore | Adventure and nature resort near Nandi hills, Bangalore | Perfect weekend getaway at an eco-friendly resort in Bangalore | Day Outing in Bannerghatta Nature Camp - Jungle Lodges & Resorts | Your Trusted Booking Platform | Private Team Outing for Corporates and Large Groups at the Fine Odes | Day Outing at the Bheemeshwari Adventure and Nature Camp - Jungle Lodges & Resorts | Your Trusted Booking Platform | Day Outing at Dubare Elephant Camp - Jungle Lodges & Resorts | Your Trusted Booking Platform | Nature adventure Camp, near Kanakapura | Secret Valley Resort | Nature Adventure Camp | Day Outing at Galibore Nature Camp - Jungle Lodges & Resorts | Your Trusted Booking Platform | Day Outing at Sharavathi Adventure Camp - Jungle Lodges & Resorts | Your Trusted Booking Platform | Day Outing at Devbagh Adventure Camp - Jungle Lodges & Resorts | Your Trusted Booking Platform | Day Out at an Adventure Resort near Bangalore! | Container Cabins Near Bangalore | Adventure and nature resort near Nandi hills, Bangalore | Perfect weekend getaway at an eco-friendly resort in Bangalore | Day Outing in Bannerghatta Nature Camp - Jungle Lodges & Resorts | Your Trusted Booking Platform | Private Team Outing for Corporates and Large Groups at the Fine Odes | Scuba Diving | Wildlife Safari | Jungle Stays | Luxury Stays | Farmstays | Villas | Pool Stays | Resorts | Homestays | Day Outing | Sightseeing | Culture and Heritage | Glamping | Cabin Stays | Treehouses | Beachfront | Staycations | Luxury Travel | Snorkeling | Kayaking | Surfing | Camping | Trekking / Hiking | Boat Ride | Tiny Homes | A-Frames | Heritage Homes | Biking/Cycling | Rock Climbing | Photography | Avathi Outdoors curates the best local outdoor experiences around you. Whether you like adventure, a silent walk in nature or watching wildlife, we have the most authentic experiences for you.","Not present","Not present","Not present"
"https://www.avathi.com/activities/best-wildlife-safaris-in-karnataka/270",5073,"Best 8 Wildlife & Jungle Safaris in Karnataka","Explore Karnataka's wilderness: Top 8 wildlife & jungle safaris await. Immerse in nature's wonders and encounter untamed beauty.","Best Wildlife & Jungle Safaris in Karnataka","Experiences at Bangalore, BR Hills, Chikmagalur, Coorg, Dandeli, Kabini, Mysore, Nagarhole | Best Forest Safari in Karnataka | You may also be interested in | Explore Other Activities In Bangalore, BR Hills, Chikmagalur, Coorg, Dandeli, Kabini, Mysore, Nagarhole | Wildlife Safari Destinations Around Bangalore, BR Hills, Chikmagalur, Coorg, Dandeli, Kabini, Mysore, Nagarhole | Stories that you should not miss | Discover Activities | Discover Destinations","Instant Book Kabini River Lodge - Jungle Lodges & Resorts | Your Trusted Booking Platform | Instant Book JLR Kings Sanctuary Resort, Nagarhole - Jungle Lodges & Resorts | Your Trusted Booking Platform | Instant Book K Gudi Wilderness Camp - BR Hills | Jungle Lodges & Resorts B.R. Hills | B.R.T Wildlife Sanctuary | Instant Book Bandipur Safari Lodge - Jungle Lodges & Resorts | Your Trusted Booking Platform | Instant Book River Tern Lodge - Bhadra, Jungle Lodges and Resorts | Your Trusted Booking Platform | Instant Book Bheemeshwari Adventure and Nature Camp - Jungle Lodges & Resorts | Your Trusted Booking Platform | Instant Book Dubare Elephant Camp - Jungle Lodges & Resorts | Your Trusted Booking Platform | Machaan Wilderness Lodge, Nagarahole | Evolve Back, Kabini | Instant Book Galibore Nature Camp - Jungle Lodges & Resorts | Your Trusted Booking Platform | Instant Book Bannerghatta Nature Camp - Jungle Lodges & Resorts | Your Trusted Booking Platform | Instant Book Sakrebyle Elephant Camp - Jungle Lodges & Resorts | Your Trusted Booking Platform | Instant Book Kali Adventure Camp, Dandeli - Jungle Lodges & Resorts | Your Trusted Booking Platform | Instant Book Gopinatham Mystery Trails - Jungle Lodges & Resorts | Your Trusted Booking Platform | The Wilderness Resort - Mudumalai | Vanah Stays, Kabini | Instant Book Kabini River Lodge - Jungle Lodges & Resorts | Your Trusted Booking Platform | Instant Book JLR Kings Sanctuary Resort, Nagarhole - Jungle Lodges & Resorts | Your Trusted Booking Platform | Instant Book K Gudi Wilderness Camp - BR Hills | Jungle Lodges & Resorts B.R. Hills | B.R.T Wildlife Sanctuary | Instant Book Bandipur Safari Lodge - Jungle Lodges & Resorts | Your Trusted Booking Platform | Instant Book River Tern Lodge - Bhadra, Jungle Lodges and Resorts | Your Trusted Booking Platform | Instant Book Bheemeshwari Adventure and Nature Camp - Jungle Lodges & Resorts | Your Trusted Booking Platform | Instant Book Dubare Elephant Camp - Jungle Lodges & Resorts | Your Trusted Booking Platform | Machaan Wilderness Lodge, Nagarahole | Evolve Back, Kabini | Instant Book Galibore Nature Camp - Jungle Lodges & Resorts | Your Trusted Booking Platform | Instant Book Bannerghatta Nature Camp - Jungle Lodges & Resorts | Your Trusted Booking Platform | Instant Book Sakrebyle Elephant Camp - Jungle Lodges & Resorts | Your Trusted Booking Platform | Instant Book Kali Adventure Camp, Dandeli - Jungle Lodges & Resorts | Your Trusted Booking Platform | Instant Book Gopinatham Mystery Trails - Jungle Lodges & Resorts | Your Trusted Booking Platform | The Wilderness Resort - Mudumalai | Vanah Stays, Kabini | Scuba Diving | Wildlife Safari | Jungle Stays | Luxury Stays | Farmstays | Villas | Pool Stays | Resorts | Homestays | Day Outing | Sightseeing | Culture and Heritage | Glamping | Cabin Stays | Treehouses | Beachfront | Staycations | Luxury Travel | Snorkeling | Kayaking | Surfing | Camping | Trekking / Hiking | Boat Ride | Tiny Homes | A-Frames | Heritage Homes | Biking/Cycling | Rock Climbing | Photography | Avathi Outdoors curates the best local outdoor experiences around you. Whether you like adventure, a silent walk in nature or watching wildlife, we have the most authentic experiences for you.","Not present","Not present","Not present"
"https://www.avathi.com/activities/last-min-getaways-bangalore-karnataka/272",4863,"Last Minute Weekend Getaways 2024 | Camping & Resorts for New Year near Bangalore, Karnataka","Explore our exclusive camping and resort experiences in Karnataka. Book now and make unforgettable memories for your New Year's celebration.","Last Minute Weekend Getaways 2024: Exclusive Jungle Lodges, Farm Stays and More in Karnataka","Experiences at Chikmagalur, Coorg, Mysore, Bangalore | Explore our exclusive camping and resort experiences in Karnataka. Book now and make unforgettable memories for your New Year's celebration. | You may also be interested in | Explore Other Activities In Chikmagalur, Coorg, Mysore, Bangalore | Wildlife Safari Destinations Around Chikmagalur, Coorg, Mysore, Bangalore | Stories that you should not miss | Discover Activities | Discover Destinations","Bobby's Makali Valley Resort | Lavish Tent Stays at the Wilderness Jungle Camp | Instant Book Bandipur Safari Lodge - Jungle Lodges & Resorts | Your Trusted Booking Platform | Cottage Stays near Bangalore - Hide and Teak | Instant Book River Tern Lodge - Bhadra, Jungle Lodges and Resorts | Your Trusted Booking Platform | Instant Book Bheemeshwari Adventure and Nature Camp - Jungle Lodges & Resorts | Your Trusted Booking Platform | Backyard Camp, a Pet-Friendly Lakeside Camp | Instant Book Dubare Elephant Camp - Jungle Lodges & Resorts | Your Trusted Booking Platform | Day Outing at the Bheemeshwari Adventure and Nature Camp - Jungle Lodges & Resorts | Your Trusted Booking Platform | Instant Book Galibore Nature Camp - Jungle Lodges & Resorts | Your Trusted Booking Platform | Instant Book Bannerghatta Nature Camp - Jungle Lodges & Resorts | Your Trusted Booking Platform | Glamping in a Geodesic Dome - Birds Eye Estate, Chikmagalur | Instant Book Sakrebyle Elephant Camp - Jungle Lodges & Resorts | Your Trusted Booking Platform | Rustic Stay at Our Native Village | Instant Book Gopinatham Mystery Trails - Jungle Lodges & Resorts | Your Trusted Booking Platform | Day Outing at Dubare Elephant Camp - Jungle Lodges & Resorts | Your Trusted Booking Platform | Bobby's Makali Valley Resort | Lavish Tent Stays at the Wilderness Jungle Camp | Instant Book Bandipur Safari Lodge - Jungle Lodges & Resorts | Your Trusted Booking Platform | Cottage Stays near Bangalore - Hide and Teak | Instant Book River Tern Lodge - Bhadra, Jungle Lodges and Resorts | Your Trusted Booking Platform | Instant Book Bheemeshwari Adventure and Nature Camp - Jungle Lodges & Resorts | Your Trusted Booking Platform | Backyard Camp, a Pet-Friendly Lakeside Camp | Instant Book Dubare Elephant Camp - Jungle Lodges & Resorts | Your Trusted Booking Platform | Day Outing at the Bheemeshwari Adventure and Nature Camp - Jungle Lodges & Resorts | Your Trusted Booking Platform | Instant Book Galibore Nature Camp - Jungle Lodges & Resorts | Your Trusted Booking Platform | Instant Book Bannerghatta Nature Camp - Jungle Lodges & Resorts | Your Trusted Booking Platform | Glamping in a Geodesic Dome - Birds Eye Estate, Chikmagalur | Instant Book Sakrebyle Elephant Camp - Jungle Lodges & Resorts | Your Trusted Booking Platform | Rustic Stay at Our Native Village | Instant Book Gopinatham Mystery Trails - Jungle Lodges & Resorts | Your Trusted Booking Platform | Day Outing at Dubare Elephant Camp - Jungle Lodges & Resorts | Your Trusted Booking Platform | Scuba Diving | Wildlife Safari | Jungle Stays | Luxury Stays | Farmstays | Villas | Pool Stays | Resorts | Homestays | Day Outing | Sightseeing | Culture and Heritage | Glamping | Cabin Stays | Treehouses | Beachfront | Staycations | Luxury Travel | Snorkeling | Kayaking | Surfing | Camping | Trekking / Hiking | Boat Ride | Tiny Homes | A-Frames | Heritage Homes | Biking/Cycling | Rock Climbing | Photography | Avathi Outdoors curates the best local outdoor experiences around you. Whether you like adventure, a silent walk in nature or watching wildlife, we have the most authentic experiences for you.","Not present","Not present","Not present"
"https://www.avathi.com/activities/scuba-diving-in-mangalore/274",3252,"Scuba Diving in Mangalore, Karnataka","Embark on an unforgettable underwater journey with scuba diving in Mangalore. Dive into crystal-clear waters, explore vibrant coral reefs, and encounter diverse marine life. Perfect for thrill-seekers and nature lovers, this coastal adventure offers expert guidance for a safe and exhilarating experience. Escape the city and plan your ultimate weekend getaway from Bangalore to discover the beauty of Mangalore's underwater world.","Scuba Diving in Mangalore, Karnataka","Experiences at Mangalore | The best scuba diving spots in and around Mangalore | Explore Other Activities In Mangalore | Scuba Diving Destinations Around Mangalore | Stories that you should not miss | Discover Activities | Discover Destinations","Scuba Diving for Beginners in Kapu | Scuba Diving for Beginners in Kapu | Scuba Diving | Wildlife Safari | Jungle Stays | Luxury Stays | Farmstays | Villas | Pool Stays | Resorts | Homestays | Day Outing | Sightseeing | Culture and Heritage | Glamping | Cabin Stays | Treehouses | Beachfront | Staycations | Luxury Travel | Snorkeling | Kayaking | Surfing | Camping | Trekking / Hiking | Boat Ride | Tiny Homes | A-Frames | Heritage Homes | Biking/Cycling | Rock Climbing | Photography | Avathi Outdoors curates the best local outdoor experiences around you. Whether you like adventure, a silent walk in nature or watching wildlife, we have the most authentic experiences for you.","Not present","Not present","Not present"
